week,n,mean,median,sd,age,age25,age75,bmi,bmi25,bmi75,q25,q75,qmean,qmedian,qq25,qq75
"[-60,-59)",3330,2.07233933426954,2.05499994754791,0.48822731469596,29.8698059360731,0.000340979519818186,0.00340979519818186,23.4839496612549,20.7157001495361,27.5482006072998,1.70000004768372,2.42000007629395,0.464557963018459,0.466928422451019,0.243780665099621,0.679790318012238
"[-59,-58)",3447,2.04747606096733,2.00999999046326,0.489511357485922,29.8737442922374,0.000341024478221889,0.00341024478221889,23.4235992431641,20.7966995239258,27.5397253036499,1.70000004768372,2.40000009536743,0.452314403333896,0.454244881868362,0.232381403446198,0.67173308134079
"[-58,-57)",3440,2.05466714611407,2,0.500989710700853,29.9135844748859,0.000341479274827464,0.00341479274827464,23.2820491790772,20.6974501609802,27.0283131599426,1.6774999499321,2.40000009536743,0.454344131321197,0.452055081725121,0.226582806557417,0.679393887519836
"[-57,-56)",3371,2.05859734657715,2,0.500659257945426,29.9569634703196,0.000341974468839265,0.00341974468839265,23.1404991149902,20.5499000549316,27.3408741950989,1.69000005722046,2.42000007629395,0.456961007245805,0.454244881868362,0.227231740951538,0.688037574291229
"[-56,-55)",3525,2.05395035008167,2,0.491093693141979,29.9084474885845,0.00034142063343133,0.0034142063343133,23.3936497370402,20.6267004013062,27.1339745521545,1.70000004768372,2.40000009536743,0.454492425723067,0.454244881868362,0.22898343205452,0.67173308134079
"[-55,-54)",3558,2.0666132605833,2,0.496220884435628,29.8122716894977,0.000340322736181481,0.00340322736181481,23.0140495300293,20.5499000549316,27.3099994659424,1.70000004768372,2.46000003814697,0.459697099333444,0.447387486696243,0.232381403446198,0.686639070510864
"[-54,-53)",3602,2.05225568862507,2,0.491944294945286,29.9327625570776,0.000341698202706366,0.00341698202706366,23.2549991607666,20.7031002044678,27.3099994659424,1.69000005722046,2.40000009536743,0.453147133192289,0.438087403774261,0.226230934262276,0.674953162670136
"[-53,-52)",3642,2.05894562957183,2,0.496463943045559,29.9559360730594,0.000341962740560038,0.00341962740560038,23.2254009246826,20.4770002365112,27.1309499740601,1.70000004768372,2.41000008583069,0.45699981227824,0.443857878446579,0.232381403446198,0.678526505827904
"[-52,-51)",3491,2.05051274190008,2,0.487914682764344,29.9843607305936,0.000342287222951982,0.00342287222951982,23.2434000968933,20.8423752784729,27.3107995986939,1.70000004768372,2.40000009536743,0.453923422507611,0.453074365854263,0.232381403446198,0.67173308134079
"[-51,-50)",3387,2.08656676854337,2.05999994277954,0.490847012754871,29.8561643835616,0.000340823794332896,0.00340823794332896,23.2434005737305,20.5499000549316,27.6816997528076,1.70000004768372,2.46000003814697,0.470404130083588,0.469323247671127,0.248184621334076,0.693038105964661
"[-50,-49)",3521,2.05145270686974,2,0.493907967083836,30.0091324200913,0.000342570004795563,0.00342570004795563,23.148099899292,20.6851997375488,27.2311000823975,1.67999994754791,2.40000009536743,0.454372677582009,0.445802837610245,0.226230934262276,0.67295104265213
"[-49,-48)",3523,2.0792208294993,2.05999994277954,0.495881698936902,30.0692922374429,0.000343256760701403,0.00343256760701403,23.4375,20.449963092804,27.1183495521545,1.70000004768372,2.46000003814697,0.46882629250775,0.469323247671127,0.248184621334076,0.694044530391693
"[-48,-47)",3536,2.05677459892981,2,0.490582982676921,29.9393835616438,0.000341773784950272,0.00341773784950272,23.0517997741699,20.4491004943848,27.239200592041,1.70000004768372,2.40000009536743,0.455903222223394,0.454244881868362,0.237107187509537,0.671923995018005
"[-47,-46)",3495,2.06075249831905,2.00999999046326,0.488897195291863,29.9851598173516,0.000342296344946936,0.00342296344946936,23.1293837229411,20.5687999725342,26.6806502342224,1.70000004768372,2.40000009536743,0.459671076934635,0.45751303434372,0.237542726099491,0.672676235437393
"[-46,-45)",3596,2.06627641442554,2.01499998569489,0.478938990183155,29.9901255707763,0.000342353031629866,0.00342353031629866,23.4375,20.8325004577637,27.2540251413981,1.70000004768372,2.40000009536743,0.462437923973814,0.461986348032951,0.260191053152084,0.671923995018005
"[-45,-44)",3343,2.05284624184601,2,0.496941163488102,29.7986301369863,0.000340167010696191,0.00340167010696191,23.4375,20.5690498352051,27.3757495880127,1.70000004768372,2.40000009536743,0.453386962949236,0.443408757448196,0.226230934262276,0.676491498947144
"[-44,-43)",3496,2.06323798094584,2.00499999523163,0.485447315042009,29.9497716894977,0.000341892370884677,0.00341892370884677,23.2339997291565,20.4491004943848,27.5459747314453,1.70000004768372,2.40250009298325,0.459651055127474,0.454612120985985,0.237107187509537,0.679790318012238
"[-43,-42)",3429,2.06898512136974,2.03999996185303,0.491655149437615,29.8310502283105,0.000340537103062905,0.00340537103062905,23.3726005554199,20.9150505065918,27.1238498687744,1.70000004768372,2.41000008583069,0.462368942200746,0.468780040740967,0.237576901912689,0.685229182243347
"[-42,-41)",3336,2.07004645900975,2.04999995231628,0.4874345882766,29.8749429223744,0.00034103816121432,0.0034103816121432,22.9591007232666,20.4564003944397,27.5395002365112,1.70000004768372,2.41000008583069,0.463950041664778,0.468780040740967,0.248170934617519,0.683850482106209
"[-41,-40)",3226,2.05901425489342,2.00999999046326,0.480518473381758,29.8930365296804,0.000341244709242927,0.00341244709242927,23.4235992431641,20.7949495315552,27.2493000030518,1.70000004768372,2.40000009536743,0.458185647773081,0.45751303434372,0.237576901912689,0.674953162670136
"[-40,-39)",3213,2.06347805421151,2.02999997138977,0.480553481986493,29.9933789954338,0.000342390171180751,0.00342390171180751,23.6853504180908,20.8306250572205,27.7645750045776,1.70000004768372,2.40000009536743,0.460855067097441,0.457848012447357,0.241088539361954,0.67173308134079
"[-39,-38)",3104,2.06924612975449,2.01999998092651,0.480763449940088,29.9316780821918,0.000341685822856071,0.00341685822856071,23.4375,20.562162399292,27.1040253639221,1.70000004768372,2.40000009536743,0.463156401663413,0.45751303434372,0.248184621334076,0.677526652812958
"[-38,-37)",3100,2.08520322067122,2.08999991416931,0.491105188423955,29.7758561643836,0.000339907033839995,0.00339907033839995,23.0970501899719,20.463775396347,26.6121997833252,1.70000004768372,2.46250003576279,0.471505774306434,0.470526844263077,0.248184621334076,0.698827743530273
"[-37,-36)",4375,2.07525828095845,2.04999995231628,0.487998967825052,29.5433789954338,0.000337253184879381,0.00337253184879381,22.9480991363525,20.5499000549316,26.9537501335144,1.70000004768372,2.42000007629395,0.463409947416612,0.461360663175583,0.243552729487419,0.679393887519836
"[-36,-35)",7633,2.03277216850345,2,0.47751251718556,29.5598173515982,0.000337440837347011,0.00337440837347011,22.7189998626709,20.5457000732422,25.9197750091553,1.70000004768372,2.40000009536743,0.441956584784364,0.432108193635941,0.226230934262276,0.647629678249359
"[-35,-34)",11873,2.01027667315599,2,0.47147548648647,29.6420091324201,0.000338379099685161,0.00338379099685161,22.8374004364014,20.4381999969482,26.1289992332459,1.64999997615814,2.34999990463257,0.431524874404268,0.420006960630417,0.215666353702545,0.637341439723969
"[-34,-33)",16437,1.97861957256323,1.91999995708466,0.468952520924133,29.7381278538813,0.000339476345363942,0.00339476345363942,22.8624496459961,20.4491004943848,26.3465003967285,1.60000002384186,2.29999995231628,0.415139598628523,0.393328279256821,0.200812608003616,0.615083992481232
"[-33,-32)",20046,1.95155067926965,1.89999997615814,0.462067949157366,29.876997716895,0.000341061617772774,0.00341061617772774,22.8624000549316,20.519100189209,26.5901753902435,1.60000002384186,2.28999996185303,0.401862489187052,0.370786666870117,0.191944751888514,0.591861069202423
"[-32,-31)",21446,1.93100779820168,1.89999997615814,0.464459174376335,29.9489155251142,0.000341882597318655,0.00341882597318655,23.0206003189087,20.5457000732422,26.775899887085,1.60000002384186,2.24000000953674,0.39195126536995,0.35911163687706,0.177731603384018,0.583158850669861
"[-31,-30)",20805,1.91371689086865,1.88999998569489,0.460260561557602,30.0535388127854,0.000343076927086591,0.00343076927086591,23.2334995269775,20.7234001159668,27.2045497894287,1.5900000333786,2.20000004768372,0.382919363344723,0.345783233642578,0.173898428678513,0.56757527589798
"[-30,-29)",18454,1.89771675151951,1.85000002384186,0.459133394871349,30.0039383561644,0.000342510711828361,0.00342510711828361,23.4089498519898,20.593150138855,27.3437995910645,1.54999995231628,2.20000004768372,0.37413090344461,0.33781635761261,0.167459979653358,0.55978524684906
"[-29,-28)",16431,1.87731239271646,1.80999994277954,0.450955364924763,29.9954337899543,0.000342413627739205,0.00342413627739205,23.6613998413086,20.8325004577637,27.8159008026123,1.50999999046326,2.20000004768372,0.363173965497403,0.321592390537262,0.160246267914772,0.544928371906281
"[-28,-27)",14376,1.86686108462641,1.79999995231628,0.451772516524464,29.9768835616438,0.000342201867142053,0.00342201867142053,23.8281002044678,20.8299999237061,28.0670251846314,1.5,2.16000008583069,0.357198523142009,0.311374455690384,0.153963208198547,0.533651649951935
"[-27,-26)",12857,1.86190440590407,1.79999995231628,0.457045601637381,29.924200913242,0.000341600467046142,0.00341600467046142,24.005500793457,20.9643993377686,28.0083999633789,1.5,2.17000007629395,0.354551660902395,0.308505028486252,0.14531446993351,0.533651649951935
"[-26,-25)",11252,1.8593574447211,1.79999995231628,0.448425537100782,29.8718607305936,0.000341002976376639,0.00341002976376639,23.8752498626709,21.0771999359131,28.0791851043701,1.5,2.16000008583069,0.352697778121614,0.308505028486252,0.146643042564392,0.524900168180466
"[-25,-24)",12067,1.84131515303197,1.79999995231628,0.454673199046762,29.9357305936073,0.00034173208440191,0.0034173208440191,23.6145992279053,20.7611999511719,27.5518999099731,1.5,2.11999988555908,0.344333730697224,0.295504748821259,0.13258271664381,0.520857632160187
"[-24,-23)",15744,1.83417079159687,1.79999995231628,0.446348774237412,29.951598173516,0.000341913221158858,0.00341913221158858,23.4375,20.7611999511719,27.0402498245239,1.5,2.09999990463257,0.34149355496286,0.289787441492081,0.138824850320816,0.504494071006775
"[-23,-22)",17890,1.82953884506306,1.79999995231628,0.445094441151984,29.9926369863014,0.000342381700756865,0.00342381700756865,23.1473007202148,20.7031002044678,27.1013245582581,1.5,2.09999990463257,0.339332052206443,0.289787441492081,0.138824850320816,0.502611622214317
"[-22,-21)",16441,1.83590768584079,1.79999995231628,0.447049517946627,30.0614155251142,0.000343166843893997,0.00343166843893997,23.4221000671387,20.7036991119385,27.2443008422852,1.5,2.09999990463257,0.342945569857597,0.293791145086288,0.138824850320816,0.506934642791748
"[-21,-20)",13439,1.83320633609679,1.79999995231628,0.446442292662327,30.0343607305936,0.00034285799920769,0.0034285799920769,23.7812004089356,20.7031002044678,28.0438995361328,1.5,2.09999990463257,0.341027977973039,0.289787441492081,0.138824850320816,0.502906203269959
"[-20,-19)",10763,1.83811483406549,1.79999995231628,0.454462247252328,29.9986301369863,0.000342450115719022,0.00342450115719022,23.6203002929688,20.7611999511719,28.0002994537354,1.5,2.09999990463257,0.343243604204032,0.295504748821259,0.138824850320816,0.50991827249527
"[-19,-18)",9345,1.83585589045783,1.79999995231628,0.451032386725646,29.9955479452055,0.000342414930881341,0.00342414930881341,23.6545248031616,20.7013750076294,28.0403995513916,1.5,2.09999990463257,0.342157930371689,0.295504748821259,0.132765159010887,0.508433878421783
"[-18,-17)",10395,1.81765030951039,1.76999998092651,0.450912289971625,29.8651826484018,0.000340926742561665,0.00340926742561665,23.5293998718262,20.7611999511719,28.0277004241943,1.5,2.09999990463257,0.331930478027215,0.280734598636627,0.128596529364586,0.501423478126526
"[-17,-16)",16504,1.76197588159529,1.70000004768372,0.431955294277969,29.8791666666667,0.000341086377473364,0.00341086377473364,23.4375,20.8208999633789,27.557300567627,1.4099999666214,2,0.302351399459477,0.237576901912689,0.115567117929459,0.445355951786041
"[-16,-15)",26160,1.74021846057352,1.70000004768372,0.420261428513326,29.8727739726027,0.00034101340151373,0.0034101340151373,23.4370250701904,20.8889751434326,27.3437995910645,1.39999997615814,2,0.291733591961504,0.232381403446198,0.112218946218491,0.432108193635941
"[-15,-14)",33239,1.72821018171842,1.69000005722046,0.414726733633128,29.9490867579909,0.000341884552031859,0.00341884552031859,23.3726005554199,20.7611999511719,27.1110992431641,1.39999997615814,2,0.28609463456229,0.226230934262276,0.105588678270578,0.424381524324417
"[-14,-13)",32742,1.73882963505773,1.70000004768372,0.419986494350461,29.9928082191781,0.00034238365547007,0.0034238365547007,23.4375,20.7198009490967,27.4286003112793,1.39999997615814,2,0.291314104269348,0.232381403446198,0.112218946218491,0.426596313714981
"[-13,-12)",27007,1.75050832230081,1.70000004768372,0.42468460911851,30.0833333333333,0.000343417047184171,0.0034341704718417,23.7252998352051,20.9365997314453,27.7901992797852,1.39999997615814,2,0.297965621326103,0.237384185194969,0.115567117929459,0.438087403774261
"[-12,-11)",20641,1.77411849892282,1.70000004768372,0.43509406711971,30.0534246575343,0.000343075623944455,0.00343075623944455,23.6340007781982,20.8670501708984,27.9930000305176,1.42999994754791,2.02999997138977,0.310062445481923,0.251825928688049,0.11789982020855,0.465019881725311
"[-11,-10)",16624,1.80896264206371,1.74000000953674,0.443417797677937,29.9956050228311,0.000342415582452409,0.00342415582452409,23.5970001220703,20.9365997314453,27.8159008026123,1.49000000953674,2.09999990463257,0.327248602845095,0.27080962061882,0.129990380257368,0.494052052497864
"[-10,-9)",15754,1.83598482563015,1.79999995231628,0.446910211763216,29.985901826484,0.000342304815370822,0.00342304815370822,23.8023500442505,20.8208999633789,28.1625003814697,1.5,2.09999990463257,0.341645251431415,0.294434577226639,0.138824850320816,0.506564736366272
"[-9,-8)",16580,1.85250421907344,1.79999995231628,0.452982765763278,30.0312785388128,0.000342822814370009,0.00342822814370009,23.4375,20.7031002044678,27.8513746261597,1.5,2.16000008583069,0.350923056130615,0.304594963788986,0.142507553100586,0.529194355010986
"[-8,-7)",17942,1.86845111669193,1.79999995231628,0.450099424263463,30.0833333333333,0.000343417047184171,0.00343417047184171,23.5330009460449,20.8208999633789,28.0064001083374,1.50999999046326,2.16000008583069,0.359048810545455,0.313964337110519,0.159047290682793,0.533651649951935
"[-7,-6)",19679,1.89115528881298,1.8400000333786,0.457660315128304,30.1465753424658,0.000344138987927691,0.00344138987927691,23.6001749038696,20.7611999511719,27.6816997528076,1.53999996185303,2.20000004768372,0.37146365370988,0.331941336393356,0.166318260133266,0.557744085788727
"[-6,-5)",22397,1.90829746206151,1.87999999523163,0.456870146839364,30.0665525114155,0.000343225485290132,0.00343225485290132,23.7332000732422,20.8079748153687,27.8852005004883,1.58000004291534,2.20000004768372,0.380400032395794,0.345783233642578,0.172811567783356,0.565796673297882
"[-5,-4)",25630,1.92290915172716,1.89999997615814,0.462845795164958,30.1017694063927,0.000343627504639186,0.00343627504639186,23.8281002044678,20.9628659354316,27.9238374233246,1.60000002384186,2.21000003814697,0.388028561477406,0.356858521699905,0.175655469298363,0.578260540962219
"[-4,-3)",27898,1.94367624485661,1.89999997615814,0.465213015641814,30.1488584474886,0.000344165050770418,0.00344165050770418,23.9188003540039,21.0480003356934,28.2077994346619,1.60000002384186,2.27999997138977,0.399167506184364,0.370786666870117,0.184476852416992,0.592323258519173
"[-3,-2)",28261,1.95644509714081,1.89999997615814,0.465897955999335,30.1844748858448,0.000344571631116949,0.00344571631116949,24.0465335845947,21.0962009429932,28.7322575705392,1.60000002384186,2.29999995231628,0.406690566283185,0.374159693717957,0.19623638689518,0.605713486671448
"[-2,-1)",26202,1.96519082108555,1.89999997615814,0.466948783444108,30.1929223744292,0.000344668063635037,0.00344668063635037,24.1897996266683,21.0937995910645,28.9062995910645,1.60000002384186,2.29999995231628,0.410905285293713,0.386748492717743,0.19623638689518,0.607909083366394
"[-1,0)",91706,1.93114376057101,1.89999997615814,0.471952564055481,29.9419520547945,0.000341803105648339,0.00341803105648339,24.2810001373291,21.2245006561279,28.9811000823975,1.58000004291534,2.25999999046326,0.389029032490766,0.355747848749161,0.173898428678513,0.583806037902832
"[0,1)",309906,1.91922445058094,1.87999999523163,0.490616718326784,29.8450913242009,0.000340697389545673,0.00340697389545673,24.767599105835,21.6015996932983,29.1860251426697,1.52999997138977,2.26999998092651,0.380975871656868,0.342636078596115,0.153963208198547,0.584868907928467
"[1,2)",8962,1.94239343606356,1.89999997615814,0.508252286784695,30.2242579908676,0.000345025776151456,0.00345025776151456,25.3906002044678,21.9413999557495,30.185549736023,1.53999996185303,2.29999995231628,0.397961997521821,0.363486886024475,0.163086179643869,0.61749678850174
"[2,3)",5419,1.99761302517578,1.99000000953674,0.505838755270118,30.2639269406393,0.000345478618043827,0.00345478618043827,24.9180498123169,21.4843997955322,28.9902208646139,1.60000002384186,2.39000010490418,0.427630997717643,0.419788271188736,0.187709867954254,0.648923575878143
"[3,4)",4699,2.07090976430295,2.04999995231628,0.49905616039614,30.078196347032,0.000343358405788036,0.00343358405788036,24.4706832567851,21.6265249252319,28.6501007080078,1.70000004768372,2.42000007629395,0.465559886168323,0.468780040740967,0.237576901912689,0.689191401004791
"[4,5)",7641,2.1790171399227,2.20000004768372,0.479672685730785,30.135502283105,0.000344012583140468,0.00344012583140468,24.6093997955322,21.7968997955322,28.8754005432129,1.79999995231628,2.50999999046326,0.52303411603167,0.549062132835388,0.321592390537262,0.735730767250061
"[5,6)",9508,2.19719183412379,2.20000004768372,0.47791811928265,30.0533105022831,0.000343074320802319,0.00343074320802319,25.1595995426178,21.8866496086121,29.3320498466492,1.85000002384186,2.57999992370605,0.530999814908909,0.557744085788727,0.332068502902985,0.744652956724167
"[6,7)",9803,2.20650616629363,2.20000004768372,0.477287234860451,30.1350456621005,0.000344007370571923,0.00344007370571923,24.5674991607666,21.7712497711182,29.1019750833511,1.87000000476837,2.57999992370605,0.536285461315609,0.560277223587036,0.342636078596115,0.747917830944061
"[7,8)",8265,2.19094575060835,2.20000004768372,0.470691915139379,30.0969178082192,0.000343572121098392,0.00343572121098392,25.0135002136231,22.1054754257202,29.2457998593648,1.8400000333786,2.53999996185303,0.528852118997804,0.557744085788727,0.331941336393356,0.738464295864105
"[8,9)",7137,2.18705828358216,2.20000004768372,0.473635897869754,30.215296803653,0.000344923479493755,0.00344923479493755,25,22.1149997711182,28.9876003265381,1.82000005245209,2.52999997138977,0.527345410275813,0.55506557226181,0.331941336393356,0.736933648586273
"[9,10)",6649,2.17055647020717,2.17000007629395,0.481341814109522,30.1627853881279,0.000344324034111049,0.00344324034111049,24.9740009307861,22.0583500862122,28.8457245826721,1.79999995231628,2.50999999046326,0.517746145716409,0.533651649951935,0.315290212631226,0.735730767250061
"[10,11)",5724,2.17448607756004,2.1800000667572,0.484699417807957,30.1450913242009,0.000344122047079919,0.00344122047079919,25.733436237682,22.4941005706787,29.4525246620178,1.79999995231628,2.52999997138977,0.519142328623653,0.544928371906281,0.317608267068863,0.735730767250061
"[11,12)",4907,2.15249235399974,2.13000011444092,0.485991105742941,30.0119863013699,0.000342602583348971,0.00342602583348971,25.3155002593994,21.9272499084473,29.7441997528076,1.79999995231628,2.5,0.507672155736003,0.520857632160187,0.297042548656464,0.728340148925781
"[12,13)",4540,2.14265638255075,2.09999990463257,0.487347956586966,30.1683789954338,0.000344387888075728,0.00344387888075728,25.764349937439,22.4858751296997,30.4542255401611,1.79749995470047,2.5,0.502566005354788,0.515271246433258,0.284720055758953,0.722280383110046
"[13,14)",4521,2.15721521444011,2.15000009536743,0.481891975090371,30.1849315068493,0.000344576843685494,0.00344576843685494,25.7812995910645,22.7731990814209,29.7566494941711,1.79999995231628,2.5,0.5112904659424,0.533651649951935,0.308505028486252,0.723384022712708
"[14,15)",4079,2.14443735699059,2.10999989509583,0.485865361299403,30.0917808219178,0.000343513479702258,0.00343513479702258,26.0275993347168,22.3080997467041,30.0607004165649,1.79999995231628,2.5,0.503564725080873,0.520857632160187,0.294563189148903,0.722280383110046
"[15,16)",3911,2.12411147633406,2.09999990463257,0.483430115310516,30.1381278538813,0.000344042555409604,0.00344042555409604,25.6312007904053,22.5827007293701,29.7618999481201,1.78999996185303,2.5,0.493429980456269,0.502852439880371,0.28181055188179,0.712174534797669
"[16,17)",3861,2.12757445839025,2.09999990463257,0.481537558860323,30.1159817351598,0.000343789745835158,0.00343789745835158,25.5441999435425,22.5827007293701,29.0082249641418,1.79999995231628,2.5,0.495533154560005,0.502852439880371,0.284427285194397,0.71577525138855
"[17,18)",3861,2.11548432629827,2.09999990463257,0.476123513372767,30.0448630136986,0.000342977888284231,0.00342977888284231,25.1664505004883,22.2090620994568,29.3569502830505,1.76999998092651,2.48000001907349,0.488248367902163,0.501423478126526,0.275791227817535,0.706388652324677
"[18,19)",3769,2.12785751808857,2.09999990463257,0.48515374420111,30.1159817351598,0.000343789745835158,0.00343789745835158,25.8115501403809,22.5998754501343,29.1396077473958,1.77999997138977,2.5,0.494993829798733,0.502852439880371,0.286088615655899,0.714527010917664
"[19,20)",3479,2.1266470205239,2.09999990463257,0.489270916064878,30.1188356164384,0.000343822324388566,0.00343822324388566,25.3906002044678,22.4058990478516,30.4053001403809,1.79999995231628,2.5,0.494898048727702,0.502852439880371,0.2857805788517,0.712174534797669
"[20,21)",3513,2.10288072390805,2.09999990463257,0.48777663950431,30.096803652968,0.000343570817956256,0.00343570817956256,25.5995998382568,22.7131495475769,30.1041502952576,1.75,2.48000001907349,0.481542042551741,0.488348037004471,0.272326767444611,0.699145674705505
"[21,22)",3327,2.11019236003453,2.09999990463257,0.479911210755405,30.1988584474886,0.000344735827026125,0.00344735827026125,25.711350440979,22.3335254192352,29.7441997528076,1.78999996185303,2.49500000476837,0.487140222305059,0.495153784751892,0.28181055188179,0.705968111753464
"[22,23)",3216,2.11110696014925,2.09999990463257,0.481439522156786,30.1489155251142,0.000344165702341486,0.00344165702341486,25.2878602981567,21.816112279892,29.302649974823,1.75999999046326,2.5,0.486865155979764,0.495153784751892,0.275241605937481,0.706140160560608
"[23,24)",3272,2.10680928682421,2.09999990463257,0.484773373526095,30.1941210045662,0.000344681746627468,0.00344681746627468,25.970100402832,22.432300567627,31.2175006866455,1.74000000953674,2.49000000953674,0.48554379342199,0.495153784751892,0.26991830766201,0.705547571182251
"[24,25)",3150,2.07899682200144,2.03999996185303,0.490939186053833,30.1071917808219,0.000343689403890661,0.00343689403890661,25.7511253356934,22.6756992340088,30.4426498413086,1.70000004768372,2.43750005960465,0.468605347735186,0.468780040740967,0.241083588451147,0.692728698253632
"[25,26)",3133,2.07815831035918,2.0699999332428,0.486616826036735,30.1462328767123,0.000344135078501282,0.00344135078501282,25,21.4377000331879,29.5059881210327,1.70000004768372,2.42000007629395,0.470602661884009,0.484851688146591,0.251825928688049,0.688037574291229
"[26,27)",3027,2.05460851906076,2,0.499490951675896,30.2557077625571,0.000345384791810012,0.00345384791810012,25.0580501556397,21.6054997444153,30.8366756439209,1.67999994754791,2.40000009536743,0.456557484504253,0.454244881868362,0.225472658872604,0.6748386323452
"[27,28)",2996,2.07547062229569,2.05999994277954,0.49086017956045,30.1724315068493,0.000344434149621568,0.00344434149621568,24.6903991699219,21.63330078125,29.4118003845215,1.70000004768372,2.42000007629395,0.468564648722088,0.468780040740967,0.248708870261908,0.691462278366089
"[28,29)",2918,2.07650273754386,2.03999996185303,0.499620452801381,30.2080479452055,0.000344840729968099,0.00344840729968099,25.7432994842529,22.4058990478516,30.4543879032135,1.70000004768372,2.42750006914139,0.467486012574462,0.468780040740967,0.241946533322334,0.686639070510864
"[29,30)",2834,2.06622441444249,2.02999997138977,0.495171602731703,30.1776255707763,0.00034449344258877,0.0034449344258877,25.8166007995606,22.1283493041992,30.1168494224548,1.70000004768372,2.44000005722046,0.463800205116278,0.463193327188492,0.237107187509537,0.69268810749054
"[30,31)",2814,2.06149075761194,2.02999997138977,0.49199723056223,30.2515410958904,0.000345337227122037,0.00345337227122037,25.1532001495361,21.4843997955322,29.7820746898651,1.70000004768372,2.40000009536743,0.460800998414289,0.45751303434372,0.237576901912689,0.680690109729767
"[31,32)",2755,2.05241923362503,2.02999997138977,0.477272720329127,30.2793378995434,0.00034565454223223,0.0034565454223223,25.711350440979,22.2396507263184,30.4328503608704,1.70000004768372,2.40000009536743,0.456299379268516,0.45751303434372,0.237576901912689,0.668508410453796
"[32,33)",2813,2.06745822464407,2.04999995231628,0.485948474053231,30.3245433789954,0.000346170586518213,0.00346170586518213,25.2994003295898,22.0964999198914,30.2757630348206,1.70000004768372,2.40000009536743,0.465010851347495,0.468780040740967,0.242965325713158,0.679790318012238
"[33,34)",2869,2.05723945327485,2.01999998092651,0.483213446930884,30.088698630137,0.000343478294864577,0.00343478294864577,25.4941097259522,21.8099246025085,29.40505027771,1.70000004768372,2.40000009536743,0.458210200490089,0.45751303434372,0.237107187509537,0.67173308134079
"[34,35)",2741,2.05094490617525,2,0.490623931889027,30.190296803653,0.000344638091365901,0.00344638091365901,25.6242251396179,21.8730502128601,30.9415554046631,1.70000004768372,2.40000009536743,0.455287487801628,0.453074365854263,0.232381403446198,0.677232027053833
"[35,36)",2827,2.06453306946098,2.03999996185303,0.484137656209289,30.1324200913242,0.000343977398302788,0.00343977398302788,25,21.7320246696472,30.0519495010376,1.70000004768372,2.40000009536743,0.462146277817149,0.465019881725311,0.237576901912689,0.686639070510864
"[36,37)",2814,2.05573382590286,2.00999999046326,0.485768822273044,30.2587328767123,0.000345419325076625,0.00345419325076625,25.1863498687744,22.0283126831055,30.2652506828308,1.70000004768372,2.40000009536743,0.458758731727444,0.454244881868362,0.23928602039814,0.674953162670136
"[37,38)",2794,2.03934502217628,2,0.489447579201119,30.1794520547945,0.000344514292862951,0.00344514292862951,25.8271493911743,22.0368757247925,30.1055750846863,1.6599999666214,2.40000009536743,0.450033027893392,0.447848737239838,0.223781183362007,0.669837534427643
"[38,39)",2770,2.03849277638356,2,0.490434585430106,30.0617579908676,0.000343170753320406,0.00343170753320406,25.3396997451782,21.9489498138428,29.3891243934631,1.70000004768372,2.40000009536743,0.44802989981033,0.436064526438713,0.226230934262276,0.671580314636231
"[39,40)",2936,2.06205381231753,2.04499998688698,0.488337623489059,30.1392694063927,0.000344055586830967,0.00344055586830967,24.8405494689941,21.6977996826172,28.9937748908997,1.70000004768372,2.40000009536743,0.461327376170211,0.460485324263573,0.232381403446198,0.681205406785011
"[40,41)",2880,2.04535763650719,2,0.488344891056084,30.2256849315069,0.00034504206542816,0.0034504206542816,25.1039009094238,21.6577005386353,29.6770000457764,1.70000004768372,2.40000009536743,0.453238412661206,0.448571756482124,0.232381403446198,0.671923995018005
"[41,42)",2945,2.05275268486549,2.00999999046326,0.481130911891774,30.2747716894977,0.000345602416546778,0.00345602416546778,24.8759002685547,21.4080376625061,30.0029001235962,1.70000004768372,2.40000009536743,0.457254781806552,0.45751303434372,0.240374967455864,0.664343297481537
"[42,43)",2912,2.04571084645423,2,0.487443546537453,30.3110730593607,0.000346016815746127,0.00346016815746127,25.1039009094238,21.2584991455078,29.3724002838135,1.70000004768372,2.40000009536743,0.452846260316629,0.450465217232704,0.232381403446198,0.67173308134079
"[43,44)",2744,2.04571610552316,2,0.484741312831597,30.340696347032,0.000346354981130502,0.00346354981130502,25.2762498855591,21.6310997009277,30.2395256360372,1.70000004768372,2.40000009536743,0.454166571438956,0.447864323854446,0.235759250819683,0.668508410453796
"[44,45)",2808,2.04187499840035,2,0.484493848969691,30.3325342465753,0.000346261806467755,0.00346261806467755,25.0762004852295,21.907600402832,29.3222250938416,1.69000005722046,2.40000009536743,0.45219490986133,0.449894636869431,0.232381403446198,0.67173308134079
"[45,46)",2794,2.04247434653806,2,0.49429624158225,30.2736872146119,0.000345590036696483,0.00345590036696483,24.8047008514404,21.5774002075195,29.3413496017456,1.63999998569489,2.40000009536743,0.452737751946634,0.45751303434372,0.218738026916981,0.673349380493164
"[46,47)",2805,2.05078430889762,2,0.488570680497861,30.214497716895,0.000344914357498801,0.00344914357498801,24.9895992279053,21.4534502029419,29.2669749259949,1.69000005722046,2.40000009536743,0.456466184424339,0.456072866916657,0.232381403446198,0.67173308134079
"[47,48)",2751,2.03624136317474,2,0.48345208773578,30.2428082191781,0.000345237536748608,0.00345237536748608,24.6903991699219,21.5577507019043,28.9039497375488,1.69000005722046,2.40000009536743,0.449408998984999,0.447644412517548,0.232381403446198,0.660971939563751
"[48,49)",2817,2.04329250761918,2,0.488992845583314,30.1078767123288,0.000343697222743479,0.00343697222743479,25.238450050354,21.7093994617462,29.6665000915527,1.67999994754791,2.40000009536743,0.451133870074369,0.445355951786041,0.226230934262276,0.664904773235321
"[49,50)",2811,2.01934779592925,2,0.497138666013057,30.414497716895,0.000347197462521632,0.00347197462521632,24.6904001235962,21.3668003082275,28.9589996337891,1.62000000476837,2.40000009536743,0.44142074922278,0.432108193635941,0.215666353702545,0.668508410453796
"[50,51)",2812,2.01856151765814,2,0.486754255264784,30.3679794520548,0.000346666432101082,0.00346666432101082,24.0237998962402,21.3668003082275,28.0064001083374,1.66999995708466,2.38000011444092,0.440795220437978,0.432108193635941,0.223781183362007,0.649699166417122
"[51,52)",2821,2.04616802208223,2,0.489995974920258,30.1630136986301,0.000344326640395321,0.00344326640395321,24.5437498092651,21.4843997955322,28.5066752433777,1.66999995708466,2.40000009536743,0.453617403738647,0.447387486696243,0.226700097322464,0.674455404281616
"[52,53)",2985,2.02486934166657,2,0.490880214127378,30.4973744292237,0.0003481435437126,0.003481435437126,24.8015995025635,21.4338502883911,29.6714749336243,1.63999998569489,2.40000009536743,0.443989683922312,0.432176470756531,0.220543101429939,0.661488831043243
"[53,54)",2910,2.03618212598296,2,0.48837354990418,30.423002283105,0.000347294546610788,0.00347294546610788,24.9755001068115,21.6062746047974,29.4875502586365,1.66999995708466,2.40000009536743,0.448862298081959,0.436271876096725,0.226230934262276,0.668508410453796
"[54,55)",3007,2.03166777097707,2,0.488569122823476,30.2996575342466,0.000345886501532495,0.00345886501532495,24.439199924469,21.3597497940063,28.7882747650147,1.66999995708466,2.40000009536743,0.446241415024924,0.436122715473175,0.22585179656744,0.668508410453796
"[55,56)",2924,2.03139021550337,2,0.485281472696771,30.4407534246575,0.000347497185212986,0.00347497185212986,24.7575497627258,21.5596504211426,29.302649974823,1.67999994754791,2.40000009536743,0.447363405249549,0.438087403774261,0.227801322937012,0.663977891206741
"[56,57)",2923,2.03506157653527,2,0.493249305706273,30.3928082191781,0.000346949865515732,0.00346949865515732,24.9648990631104,21.4843997955322,28.7273998260498,1.65500000119209,2.40000009536743,0.448275684237256,0.438087403774261,0.226230934262276,0.668508410453796
"[57,58)",2959,2.04316660418386,2,0.504199478354027,30.3517123287671,0.000346480734346657,0.00346480734346657,24.767599105835,21.2031002044678,28.6016006469727,1.65499997138977,2.40000009536743,0.453098285034923,0.454244881868362,0.223781183362007,0.677483767271042
"[58,59)",2827,2.03980190694058,2,0.488191733859948,30.3324200913242,0.000346260503325619,0.00346260503325619,24.7966995239258,21.5799999237061,29.2968997955322,1.67999994754791,2.40000009536743,0.451951507178505,0.45099800825119,0.22646551579237,0.671828538179398
"[59,60)",2762,2.0367324355933,2,0.497899036623581,30.4434360730594,0.000347527809053189,0.00347527809053189,24.6137008666992,21.359899520874,28.9858998060226,1.64999997615814,2.40000009536743,0.449914971536469,0.434385061264038,0.223525390028954,0.685944750905037
"[60,61)",2807,2.05226219713284,2.00999999046326,0.486369037720727,30.4832191780822,0.000347981954087696,0.00347981954087696,24.5884494781494,21.3038997650147,28.8576502799988,1.70000004768372,2.40000009536743,0.459862512319691,0.465133458375931,0.237542726099491,0.677379339933395
"[61,62)",2749,2.04016914860731,2,0.485162544582074,30.4365296803653,0.000347448968953942,0.00347448968953942,24.1929998397827,20.9957005977631,29.4625412623088,1.67999994754791,2.40000009536743,0.451443861682807,0.447387486696243,0.226230934262276,0.67173308134079
"[62,63)",2866,2.03149336507831,2,0.49061822968703,30.4352739726027,0.000347434634390442,0.00347434634390442,25.1176500320435,21.5092000961304,29.9375991821289,1.6424999833107,2.40000009536743,0.448026844308129,0.438077971339226,0.232276633381844,0.664901256561279
"[63,64)",2858,2.00903078669681,2,0.478949312541,30.4241438356164,0.000347307578032151,0.00347307578032151,24.9107999801636,21.5139007568359,29.2101001739502,1.64999997615814,2.36999988555908,0.435889790572377,0.424609363079071,0.215561211109161,0.641001284122467
"[64,65)",2877,2.02579249001892,2,0.491316950828956,30.5243150684932,0.000348451085256771,0.00348451085256771,25.0995006561279,21.5324506759644,30.1135997772217,1.63999998569489,2.40000009536743,0.446146000199328,0.432108193635941,0.223781183362007,0.67173308134079
"[65,66)",2795,2.01273165826081,2,0.493839303869358,30.4639269406393,0.000347761723066658,0.00347761723066658,24.1108999252319,21.0076999664307,28.5779991149902,1.60000002384186,2.39000010490418,0.43741317663695,0.424609363079071,0.207645311951637,0.660726547241211
"[66,67)",2861,2.01404578406175,2,0.488473713142294,30.3464611872146,0.000346420789808386,0.00346420789808386,24.524299621582,21.0962009429932,28.9435997009277,1.64999997615814,2.36999988555908,0.43918530504769,0.429635107517242,0.217046961188316,0.654336392879486
"[67,68)",2823,2.01695713327998,2,0.483335165728378,30.5050228310502,0.000348230854235733,0.00348230854235733,24.7555999755859,21.2306003570557,29.0687503814697,1.63999998569489,2.375,0.440985126054001,0.432108193635941,0.223781183362007,0.652444988489151
"[68,69)",2824,2.03127832423695,2,0.486013764532409,30.5176940639269,0.000348375503012865,0.00348375503012865,24.2187995910645,21.3038997650147,28.9967002868652,1.66999995708466,2.40000009536743,0.447683047356807,0.432108193635941,0.226230934262276,0.663837522268295
"[69,70)",2912,2.03306661603542,2,0.489888870027837,30.5601598173516,0.000348860271887575,0.00348860271887575,24.5389995574951,21.1553001403809,29.9678497314453,1.67999994754791,2.40000009536743,0.449357262680148,0.438087403774261,0.231825429946184,0.668682932853699
"[70,71)",2729,2.01696042310803,2,0.497457431444287,30.4557077625571,0.000347667896832843,0.00347667896832843,24.6910743713379,21.2063245773315,29.6486501693726,1.62999999523163,2.40000009536743,0.440693183897965,0.43407341837883,0.215561211109161,0.664901256561279
"[71,72)",2801,2.02879685565686,2,0.494782580603476,30.5488584474886,0.00034873126081608,0.0034873126081608,24.464599609375,21.4843997955322,30.0415992736816,1.6599999666214,2.40000009536743,0.44645399637507,0.432108193635941,0.223794877529144,0.671923995018005
"[72,73)",2825,2.03274335941382,2,0.488566164287236,30.4174657534247,0.000347231344217176,0.00347231344217176,24.3418006896973,21.3026874065399,29.587037563324,1.6599999666214,2.40000009536743,0.448839478816474,0.438087403774261,0.227126508951187,0.668508410453796
"[73,74)",2753,2.0089974530688,2,0.483460765263291,30.4611872146119,0.000347730447655387,0.00347730447655387,24.6093997955322,21.2230997085571,29.2555669148763,1.62999999523163,2.33999991416931,0.437525878379935,0.432108193635941,0.217243537306786,0.647629678249359
"[74,75)",2746,2.02435724216921,2,0.486468177554833,30.4957762557078,0.000348125299722691,0.00348125299722691,24.2319498062134,21.1521506309509,28.8889007568359,1.66999995708466,2.40000009536743,0.444285290837709,0.432108193635941,0.225662227720022,0.661488831043243
"[75,76)",2657,2.0227022929258,2,0.482367792597935,30.5762557077626,0.000349044014928796,0.00349044014928796,24.4062995910645,21.3178997039795,29.3400001525879,1.66999995708466,2.38000011444092,0.444240644619032,0.438087403774261,0.223781183362007,0.65852415561676
"[76,77)",2687,2.0221845888497,2,0.488940103755343,30.625799086758,0.000349609578615959,0.00349609578615959,24.3318371772766,21.2006757259369,28.7557373046875,1.64999997615814,2.40000009536743,0.445393372117048,0.434385061264038,0.218926325440407,0.671923995018005
"[77,78)",2773,2.03430039318211,2,0.492108517255725,30.4125570776256,0.000347175309105315,0.00347175309105315,24.3186502456665,21.3124747276306,29.057225227356,1.66999995708466,2.40000009536743,0.450057743381194,0.438087403774261,0.226230934262276,0.671923995018005
"[78,79)",2622,2.02335621108543,2,0.487320362117674,30.5038812785388,0.00034821782281437,0.0034821782281437,24.5389995574951,21.2184252738953,29.1486492156982,1.62999999523163,2.37750005722046,0.444874758066355,0.434385061264038,0.22045411169529,0.661488831043243
"[79,80)",2737,2.00816221804701,2,0.48821088969137,30.4587899543379,0.000347703081670524,0.00347703081670524,24.6096992492676,21.0498008728027,29.1375007629395,1.61000001430511,2.33999991416931,0.435175189472106,0.424381524324417,0.215666353702545,0.647629678249359
